pocket_id,chain,residue_id,residue_name,center_x,center_y,center_z
1,A,112,GLU,-3.823,37.324,13.921
1,A,175,LYS,-1.237,41.255,20.76
1,B,133,GLY,3.093,33.469,19.354
1,B,137,ARG,1.406,37.475,22.449
2,A,133,GLY,7.944,34.188,19.202
2,A,137,ARG,9.305,31.485,23.714
2,A,139,ASP,14.845,34.04,19.986
2,B,127,LEU,8.314,23.987,19.687
2,B,129,SER,8.141,30.611,16.301
2,B,132,ALA,4.769,30.558,20.183
2,B,175,LYS,12.151,27.43,23.802
3,A,137,ARG,9.305,31.485,23.714
3,A,187,TRP,14.127,36.347,27.791
3,B,173,ARG,13.774,31.868,31.311
3,B,174,SER,11.958,26.795,28.697
3,B,179,ALA,7.409,29.742,28.516
