protein,pocket_id,chain,residue_name,residue_id,x,y,z
121p,1,A,ALA,11,6.607,25.42,22.273
121p,1,A,GLY,13,10.036,30.008,22.589
121p,1,A,VAL,14,10.514,27.754,19.753
121p,1,A,GLY,15,10.127,30.84,17.096
121p,1,A,LYS,16,6.244,29.861,16.941
121p,1,A,SER,17,6.798,34.468,15.681
121p,2,A,VAL,9,2.826,24.489,15.885
121p,2,A,GLY,10,4.749,24.953,19.463
121p,2,A,ALA,11,6.607,25.42,22.273
121p,2,A,ALA,59,0.25,29.745,21.21
121p,2,A,GLY,60,2.346,27.799,23.3
121p,2,A,ARG,68,-4.051,24.125,20.825
121p,2,A,TYR,96,2.106,20.23,19.712
12as,1,A,HIS,95,31.997,25.951,20.42
12as,1,A,LYS,97,30.513,29.265,14.568
12as,1,B,HIS,95,32.262,35.592,23.013
12as,1,B,LYS,97,33.433,35.05,15.764
12as,2,B,MET,96,33.15,39.417,17.745
12as,2,B,ARG,100,38.87,42.919,10.278
12as,2,B,VAL,114,38.988,39.563,14.298
12as,2,B,ASP,115,38.908,37.532,18.171
12as,2,B,GLN,116,36.484,41.677,19.588
12as,3,A,HIS,71,29.953,24.585,4.411
12as,3,A,MET,96,31.015,25.161,13.907
12as,3,A,ARG,100,25.416,25.928,5.746
12as,3,A,VAL,114,25.173,26.727,10.752
12as,3,A,ASP,115,25.253,26.629,15.317
12as,3,A,GLN,116,27.771,22.396,14.523
13pk,1,A,LEU,301,-2.607,46.904,81.9
13pk,1,A,THR,303,0.002,49.399,77.227
13pk,1,A,ILE,308,-6.821,50.217,74.777
13pk,1,A,PRO,309,-7.254,46.289,75.841
13pk,1,A,HIS,312,-8.694,46.707,79.802
13pk,1,C,ASN,31,-2.55,43.786,74.184
13pk,2,A,GLY,241,-6.479,61.877,79.23
13pk,2,A,ALA,242,-9.857,61.652,78.036
13pk,2,A,TYR,245,-8.434,57.862,75.418
13pk,2,A,ALA,314,-7.412,54.204,80.053
13pk,2,A,LEU,315,-7.402,55.262,83.942
13pk,2,A,ASP,316,-2.436,57.453,83.282
13pk,2,A,MET,341,-2.419,63.656,81.813
16pk,1,A,ASP,24,0.325,35.218,11.268
16pk,1,A,ARG,39,-0.434,39.491,12.568
16pk,1,A,GLY,168,-5.052,33.498,6.158
16pk,1,A,THR,396,-6.621,37.054,10.57
16pk,1,A,GLY,397,-8.595,36.812,6.867
16pk,2,A,GLY,217,-14.186,47.888,-1.433
16pk,2,A,LYS,223,-17.321,41.222,-2.894
16pk,2,A,ASN,338,-16.539,41.718,4.37
16pk,2,A,GLY,339,-14.694,45.864,3.465
16pk,2,A,PRO,340,-13.065,48.779,3.101
16pk,2,A,SER,378,-11.955,46.359,8.248
17gs,1,A,GLU,97,16.699,7.389,16.364
17gs,1,A,CYS,101,11.022,6.747,15.949
17gs,1,B,GLU,97,16.044,16.451,17.291
17gs,1,B,ASP,98,13.223,15.308,20.947
182l,1,A,GLU,11,41.571,13.504,11.383
182l,1,A,GLY,30,38.967,15.48,15.273
182l,1,A,PHE,104,34.608,11.589,12.502
182l,1,A,GLN,105,34.846,14.833,7.534
182l,1,A,MET,106,30.572,15.545,6.56
182l,2,A,ARG,14,47.383,18.959,16.815
182l,2,A,LYS,16,46.588,22.876,22.055
182l,2,A,ILE,17,43.151,24.078,20.891
182l,2,A,TYR,18,43.489,21.53,15.86
182l,2,A,LYS,19,42.111,26.81,13.487
182l,3,A,LEU,84,22.133,6.789,6.413
182l,3,A,MET,102,31.923,10.554,4.822
182l,3,A,VAL,111,26.27,12.563,4.388
182l,3,A,PHE,114,26.763,13.179,-0.605
182l,3,A,LEU,118,23.712,7.208,-0.741
183l,1,A,GLU,11,41.391,13.471,11.283
183l,1,A,ASN,101,35.511,8.743,7.415
183l,1,A,MET,102,31.85,10.554,4.843
183l,1,A,VAL,103,29.52,10.853,9.371
183l,1,A,PHE,104,34.48,11.52,12.494
183l,1,A,GLN,105,34.809,14.876,7.541
183l,1,A,MET,106,30.641,15.46,6.62
183l,1,A,GLY,107,27.925,14.567,9.277
183l,2,A,ARG,14,47.157,19.002,16.763
183l,2,A,LYS,16,46.452,22.857,21.896
183l,2,A,ILE,17,42.97,24.062,20.8
183l,2,A,TYR,18,43.374,21.486,15.826
183l,2,A,LYS,19,41.933,26.716,13.45
185l,1,A,GLU,11,41.649,13.622,11.438
185l,1,A,GLY,30,39.029,15.448,15.405
185l,1,A,PHE,104,34.769,11.586,12.567
185l,1,A,GLN,105,34.875,14.944,7.637
185l,1,A,MET,106,30.646,15.492,6.693
185l,2,A,ARG,14,47.423,18.918,16.852
185l,2,A,LYS,16,46.624,22.821,22.196
185l,2,A,ILE,17,43.249,24.019,21.076
185l,2,A,TYR,18,43.489,21.515,15.989
185l,2,A,LYS,19,42.047,26.766,13.779
185l,3,A,LEU,84,22.343,6.803,6.6
185l,3,A,VAL,111,26.301,12.513,4.556
185l,3,A,LEU,118,23.806,7.229,-0.65
186l,1,A,GLU,11,41.631,13.609,11.344
186l,1,A,GLY,30,39.045,15.51,15.212
186l,1,A,PHE,104,34.62,11.598,12.438
186l,1,A,GLN,105,34.904,14.921,7.527
186l,1,A,MET,106,30.699,15.619,6.619
186l,2,A,ARG,14,47.498,18.992,16.623
186l,2,A,LYS,16,46.815,22.779,21.994
186l,2,A,TYR,18,43.552,21.482,15.827
186l,3,A,LEU,84,22.265,6.848,6.309
186l,3,A,VAL,111,26.468,12.511,4.752
186l,3,A,ALA,112,22.451,12.887,4.059
186l,3,A,PHE,114,26.302,13.208,-0.54
186l,3,A,LEU,118,23.37,7.184,-0.694
187l,1,A,GLU,11,41.6,13.573,11.33
187l,1,A,GLY,30,38.965,15.498,15.265
187l,1,A,PHE,104,34.587,11.583,12.458
187l,1,A,GLN,105,34.89,14.837,7.579
187l,1,A,MET,106,30.674,15.429,6.641
187l,2,A,ARG,14,47.322,18.953,16.78
187l,2,A,LYS,16,47.052,22.828,22.078
187l,2,A,ILE,17,43.256,24.067,20.852
187l,2,A,TYR,18,43.526,21.511,15.827
187l,2,A,LYS,19,42.194,26.787,13.519
187l,3,A,LEU,84,22.306,6.848,6.338
187l,3,A,VAL,111,26.432,12.502,4.646
187l,3,A,ALA,112,22.502,13.047,3.786
187l,3,A,PHE,114,26.564,13.133,-0.671
187l,3,A,LEU,118,23.444,7.189,-0.789
18gs,1,A,GLU,97,16.889,7.493,16.233
18gs,1,A,ASP,98,15.422,8.356,11.786
18gs,1,A,CYS,101,11.32,6.744,15.715
18gs,1,B,GLU,97,16.052,16.352,17.181
18gs,1,B,ASP,98,13.388,15.165,20.954
18gs,1,B,CYS,101,10.555,16.238,15.885
19gs,1,A,GLU,97,16.531,7.399,16.365
19gs,1,A,ASP,98,15.022,8.293,11.967
19gs,1,A,CYS,101,10.989,6.728,15.894
19gs,1,B,GLU,97,15.746,16.512,17.102
19gs,1,B,CYS,101,10.285,16.412,15.801
1a05,1,A,ASP,246,6.767,24.473,39.82
1a05,1,A,ASP,250,7.878,30.574,39.907
1a05,1,B,LYS,190,12.576,20.103,36.465
1a05,1,B,ASP,222,10.601,26.937,37.466
1a05,1,B,ASN,223,13.654,30.25,36.319
1a05,2,A,LYS,190,-3.801,20.239,28.952
1a05,2,A,ASP,222,-1.886,27.016,27.983
1a05,2,A,ASN,223,-4.963,30.26,29.052
1a05,2,B,ASP,246,1.998,24.331,25.712
1a05,2,B,ASP,250,0.844,30.583,25.496
1a26,1,A,HIS,862,44.989,27.228,20.376
1a26,1,A,GLY,863,45.685,24.601,18.193
1a26,1,A,SER,864,45.585,25.264,14.463
1a2c,1,H,CYS,42,14.75,-6.014,13.042
1a2c,1,H,HIS,57,20.797,-9.077,18.364
1a2c,1,H,CYS,58,20.248,-7.201,14.639
1a2c,1,H,ASP,194,9.762,-7.693,17.803
1a2c,1,H,SER,195,14.472,-7.242,18.044
1a2c,1,H,GLY,196,15.106,-3.132,18.226
1a2c,1,H,VAL,213,13.647,-5.394,22.082
1a2c,1,H,SER,214,17.069,-7.984,23.687
1a2k,1,A,ALA,122,36.005,11.983,91.413
1a2k,1,A,HIS,124,37.253,9.033,95.87
1a2k,1,B,GLN,88,38.298,3.514,95.007
1a2k,1,B,GLY,98,39.168,4.697,89.892
1a2k,1,B,ALA,122,39.385,7.205,86.562
1a2k,1,D,THR,42,41.713,11.38,94.424
1a2k,2,A,LEU,123,36.343,13.618,94.966
1a2k,2,A,ASN,125,36.952,9.069,101.415
1a2k,2,B,THR,69,32.444,6.568,97.263
1a2k,2,B,ALA,70,28.905,6.703,95.69
1a2k,2,D,ARG,76,33.385,13.11,99.569
1a3g,1,B,TYR,190,-0.805,-20.487,11.055
1a3g,1,C,TYR,190,-6.921,-11.526,5.818
1a3g,2,B,GLN,239,-7.849,-20.548,18.257
1a3g,2,C,PRO,211,-6.208,-12.647,15.584
1a3g,2,C,PHE,212,-2.477,-13.183,18.882
1a3g,2,C,ARG,222,-5.714,-6.995,22.541
1a3g,2,C,GLU,238,-10.395,-12.689,18.966
1a3g,3,A,GLN,239,-16.274,-22.174,10.785
1a3g,3,B,PRO,211,-8.787,-25.983,13.403
1a3g,3,B,PHE,212,-10.855,-29.961,11.441
1a3g,3,B,ARG,222,-10.062,-32.999,18.731
1a3g,3,B,GLU,238,-11.853,-25.25,17.71
1a3l,1,L,GLY,84,33.435,-6.678,1.647
1a3l,1,L,VAL,85,34.133,-5.131,5.137
1a3l,1,L,LYS,103,35.625,-2.31,0.69
1a3l,2,L,THR,164,25.142,-0.05,-5.652
1a3l,2,L,ASP,165,27.243,-2.119,-2.605
1a3l,2,L,GLN,166,30.85,-5.178,-6.003
1a3l,2,L,ASP,167,26.666,-7.904,-7.512
1a3l,2,L,THR,172,28.507,-5.153,-11.367
1a3l,3,H,GLN,39,27.753,-0.765,12.77
1a3l,3,H,ARG,40,28.205,5.801,14.289
1a3l,3,H,PRO,41,25.572,4.833,10.344
1a3l,3,H,ALA,88,23.08,2.579,15.76
1a3l,3,H,VAL,89,23.171,-1.142,14.443
1a46,1,H,HIS,57,20.715,-8.965,18.831
1a46,1,H,SER,195,14.306,-7.407,18.215
1a46,1,H,GLY,196,15.118,-3.359,18.565
1a46,1,H,VAL,213,13.472,-5.43,22.325
1a46,1,H,SER,214,16.852,-7.945,23.946
1a4i,1,A,ARG,137,9.305,31.485,23.714
1a4i,1,A,ASP,139,14.845,34.04,19.986
1a4i,1,B,LEU,127,8.314,23.987,19.687
1a4i,1,B,LYS,175,12.151,27.43,23.802
1a4i,2,A,ARG,137,9.305,31.485,23.714
1a4i,2,A,TRP,187,14.127,36.347,27.791
1a4i,2,B,ARG,173,13.774,31.868,31.311
1a4i,2,B,SER,174,11.958,26.795,28.697
1a4i,2,B,LYS,175,12.151,27.43,23.802
1a4i,2,B,ALA,179,7.409,29.742,28.516
1a4i,3,A,GLU,112,-3.823,37.324,13.921
1a4i,3,A,LYS,175,-1.237,41.255,20.76
1a4i,3,B,GLY,133,3.093,33.469,19.355
1a4i,3,B,ARG,137,1.406,37.475,22.449
1a4q,1,A,HIS,172,7.156,39.069,-10.057
1a4q,1,A,TYR,189,2.244,36.744,-9.642
1a4q,1,A,GLY,206,3.887,31.86,-11.776
1a4q,1,A,GLU,207,7.706,31.402,-13.745
1a4w,1,H,HIS,57,20.29,-8.73,18.688
1a4w,1,H,ASP,194,9.699,-7.531,17.816
1a4w,1,H,SER,195,14.449,-7.312,17.856
1a4w,1,H,GLY,196,15.092,-3.22,18.474
1a4w,1,H,VAL,213,13.538,-5.244,22.172
1a4w,1,H,SER,214,16.755,-7.661,23.918
1a53,1,A,GLU,51,-1.424,-25.393,32.314
1a53,1,A,LYS,53,-5.264,-28.757,33.062
1a53,1,A,LEU,83,-3.913,-26.841,38.363
1a53,1,A,LYS,110,-3.217,-22.2,38.229
1a54,1,A,ALA,238,26.723,39.152,6.507
1a54,1,A,GLN,239,27.947,35.56,7.834
1a54,1,A,ASP,240,24.216,32.299,5.572
1a54,1,A,LEU,241,24.184,31.055,9.917
1a54,1,A,SER,254,20.453,33.79,12.611
1a54,1,A,THR,255,22.707,36.818,13.397
1a54,2,A,SER,38,12.781,43.622,10.681
1a54,2,A,SER,39,10.65,45.527,7.943
1a54,2,A,GLY,138,7.708,41.91,8.172
1a54,2,A,SER,139,10.07,38.956,8.88
1a54,2,A,SER,164,10.785,39.48,4.621
1a59,1,A,HIS,221,-26.249,54.616,97.775
1a59,1,A,HIS,269,-17.828,59.298,97.633
1a59,1,A,ARG,278,-15.012,52.373,103.164
1a5a,1,B,GLU,109,71.025,19.822,6.918
1a5a,1,B,LEU,166,72.5,23.467,11.457
1a5a,1,B,CYS,170,67.191,21.472,10.171
1a5a,1,B,TYR,186,66.244,14.367,6.334
1a5a,1,B,PHE,280,67.682,18.605,17.456
1a5b,1,B,GLU,109,70.557,19.601,6.735
1a5b,1,B,LEU,166,72.17,22.806,11.358
1a5b,1,B,CYS,170,66.395,21.815,10.034
1a5b,1,B,TYR,186,65.853,14.768,6.276
1a5b,1,B,LEU,188,69.779,12.982,9.271
1a5b,1,B,PHE,280,67.379,18.415,17.384
1a5b,1,B,PHE,306,74.444,18.572,17.312
1a5b,2,A,SER,55,64.647,28.512,20.093
1a5b,2,A,ASP,56,64.469,25.81,17.82
1a5b,2,A,PRO,57,60.57,26.988,15.629
1a5b,2,A,GLN,65,60.076,30.979,12.274
1a5b,2,B,SER,163,67.468,31.901,11.716
1a5b,2,B,LYS,167,69.549,24.667,15.385
1a5b,2,B,ASP,168,68.106,27.379,12.78
1a5b,2,B,ALA,169,67.731,24.902,8.627
1a5b,2,B,ASN,171,63.166,24.174,10.844
1a5g,1,H,CYS,42,14.792,-5.977,13.19
1a5g,1,H,HIS,57,20.619,-8.837,18.6
1a5g,1,H,CYS,58,20.148,-7.094,14.826
1a5g,1,H,GLY,193,11.019,-9.739,15.393
1a5g,1,H,ASP,194,9.593,-7.616,18.055
1a5g,1,H,SER,195,14.31,-7.387,17.96
1a5g,1,H,GLY,196,15.014,-3.304,18.318
1a5g,1,H,VAL,213,13.386,-5.496,22.169
1a5g,1,H,SER,214,16.953,-7.933,23.629
1a5s,1,B,GLU,109,71.646,17.951,7.71
1a5s,1,B,LEU,166,73.553,22.43,12.395
1a5s,1,B,CYS,170,68.083,20.681,11.27
1a5s,1,B,THR,190,73.879,12.066,12.882
1a5s,1,B,PHE,306,74.185,18.082,17.035
1a5s,2,A,SER,55,64.589,28.311,19.761
1a5s,2,A,ASP,56,64.384,25.561,17.688
1a5s,2,A,PRO,57,60.322,26.834,15.601
1a5s,2,B,GLY,162,68.177,32.128,14.026
1a5s,2,B,SER,163,71.735,30.901,14.73
1a5s,2,B,LYS,167,69.976,24.883,15.681
1a5s,2,B,ASP,168,68.952,26.784,12.652
1a5s,3,A,LEU,58,60.394,22.231,14.183
1a5s,3,A,ALA,59,56.17,23.843,12.856
1a5s,3,A,ALA,129,53.832,20.412,18.182
1a5s,3,B,VAL,17,57.877,14.389,15.275
1a5s,3,B,PRO,18,55.488,16.746,13.909
1a5s,3,B,SER,178,56.753,18.298,6.693
1a5z,1,A,ASN,140,91.73,28.11,62.694
1a5z,1,A,GLY,164,97.943,34.438,65.861
1a5z,1,A,HIS,195,93.626,33.499,67.757
1a5z,2,A,VAL,166,99.188,39.584,64.602
1a5z,2,A,LEU,167,94.71,40.666,63.088
1a5z,2,A,ASP,256,102.687,42.471,57.776
1a5z,2,A,LEU,269,104.951,40.5,65.508
1a5z,2,A,THR,270,101.714,38.852,68.699
1a69,1,C,ARG,87,-16.762,87.295,83.832
1a69,1,C,SER,90,-11.0,85.563,88.7
1a69,1,C,VAL,178,-4.948,88.283,83.79
1a69,1,C,GLU,179,-9.361,87.21,81.969
1a69,1,C,MET,180,-9.179,83.049,79.947
1a69,1,C,GLU,181,-13.107,84.658,79.633
1a6v,1,I,PHE,407,1.632,18.949,44.206
1a6v,1,I,ASP,408,-1.99,23.594,41.585
1a6v,1,I,TYR,409,-5.487,24.418,42.109
1a6v,1,I,TRP,410,-3.545,20.513,47.834
1a6v,1,M,THR,47,-1.875,26.731,48.713
1a6v,1,M,GLY,48,0.39,26.308,45.809
1a6v,1,M,ALA,57,1.716,29.608,40.949
1a6v,2,I,GLN,339,-2.408,15.953,57.699
1a6v,2,I,LEU,345,2.209,15.818,54.638
1a6v,2,I,TYR,395,-5.648,16.747,52.121
1a6v,2,M,GLU,40,-1.178,24.274,56.531
1a6v,2,M,HIS,44,-6.977,21.601,57.319
1a6v,2,M,PHE,46,-2.806,22.543,52.278
1a6v,2,M,PHE,89,4.458,21.38,54.376
1a71,1,A,THR,313,-11.255,-13.435,-2.788
1a71,1,A,LYS,315,-12.468,-12.658,3.118
1a71,1,B,THR,313,-15.287,-9.256,0.78
1a71,1,B,TRP,314,-10.595,-5.495,-1.8
1a71,1,B,LYS,315,-14.198,-9.875,-4.985
1a78,1,A,VAL,5,9.261,2.292,10.52
1a78,1,A,PHE,128,13.85,5.786,8.633
1a78,1,A,LYS,129,17.732,9.136,8.709
1a78,1,B,ASN,9,4.505,4.199,9.7
1a78,1,B,LEU,10,7.42,6.46,5.157
1a78,1,B,THR,133,14.297,9.511,4.033
1a78,2,A,ASN,9,8.72,-9.114,3.005
1a78,2,A,LEU,10,13.696,-7.825,5.796
1a78,2,A,THR,133,20.195,-5.135,3.224
1a78,2,B,PHE,128,16.083,-3.81,0.029
1a8g,1,A,ASP,25,-14.12,20.807,25.345
1a8g,1,A,GLY,27,-9.909,21.748,25.5
1a8g,1,B,ASP,25,-10.996,22.854,30.137
1a8g,1,B,GLY,27,-13.991,19.596,29.989
1a8p,1,A,THR,115,17.678,-22.338,9.166
1a8p,1,A,THR,117,23.04,-21.751,13.059
1a8p,1,A,GLY,118,21.781,-18.932,10.212
1a8p,1,A,CYS,219,21.551,-18.811,5.86
1a8p,1,A,ALA,254,25.431,-22.667,7.612
1a8p,1,A,PHE,255,25.364,-26.71,7.701
1a8p,2,A,LYS,23,30.328,-12.301,24.42
1a8p,2,A,HIS,63,32.271,-7.328,21.319
1a8p,2,A,GLU,65,28.461,-12.734,19.822
1a95,1,A,ILE,6,25.796,106.43,35.957
1a95,1,A,THR,8,26.367,113.091,35.41
1a95,1,A,MET,11,31.317,114.07,34.862
1a95,1,C,THR,8,29.77,115.21,42.087
1a95,1,C,MET,11,28.655,110.424,41.819
1a95,2,B,THR,8,21.268,123.74,37.044
1a95,2,C,VAL,143,27.929,125.932,40.017
1a95,2,D,ASP,10,23.822,122.251,42.996
1a95,3,A,VAL,143,16.215,114.305,39.899
1a95,3,B,ASP,10,19.349,118.952,37.05
1a95,3,C,ASP,10,24.99,113.242,41.934
1a95,3,D,VAL,143,20.206,110.314,38.944
1a9m,1,A,ASP,25,46.338,17.257,70.432
1a9m,1,B,ASP,25,46.597,14.072,65.339
1a9q,1,A,HIS,86,15.584,83.814,76.291
1a9q,1,A,ASN,115,16.507,92.663,69.637
1a9q,1,A,ALA,116,18.964,93.644,72.165
1a9q,1,A,SER,220,17.191,86.124,70.405
1a9r,1,A,HIS,86,15.575,83.761,76.263
1a9r,1,A,ASN,115,16.523,92.604,69.578
1a9r,1,A,ALA,116,19.019,93.543,72.17
1a9r,1,A,SER,220,17.142,86.103,70.396
1a9s,1,A,ALA,116,18.788,93.176,72.195
1a9s,1,A,GLY,218,22.353,87.244,69.921
1a9s,1,A,MET,219,21.22,85.339,73.285
1a9s,2,A,CYS,31,8.898,92.414,73.196
1a9s,2,A,GLY,32,12.513,92.59,74.211
1a9s,2,A,SER,33,15.467,93.142,76.232
1a9s,2,A,GLY,34,13.783,96.866,76.884
1a9s,2,A,LEU,35,11.887,96.479,73.948
1a9s,2,A,GLY,36,8.153,96.627,77.058
1a9s,2,A,GLY,37,6.955,99.589,76.457
1a9s,2,A,GLY,63,12.731,92.395,81.038
1a9t,1,A,SER,33,15.518,93.239,76.382
1a9t,1,A,ALA,116,18.76,93.435,72.177
1a9t,1,A,MET,219,21.175,85.429,73.281
1a9y,1,A,ILE,12,-27.619,49.266,5.369
1a9y,1,A,LYS,84,-21.925,53.538,-1.954
1a9z,1,A,ILE,12,27.931,0.021,41.143
1a9z,1,A,LYS,84,27.219,7.35,34.089
1aa6,1,A,ALA,137,85.884,34.895,25.063
1aa6,1,A,ARG,138,89.881,35.743,28.571
1aa6,1,A,VAL,139,86.628,39.764,26.313
1aa6,1,A,SEC,140,84.634,37.39,29.639
1aa6,1,A,GLN,335,81.927,31.162,28.041
1abf,1,A,LYS,10,11.193,51.886,59.385
1abf,1,A,LEU,145,16.209,60.846,60.871
1abf,1,A,ARG,151,16.461,63.564,52.625
1abf,1,A,ASN,177,8.008,60.046,59.163
1abf,1,A,MET,204,12.105,62.751,54.007
1abf,1,A,ASN,205,9.279,61.174,52.345
1abf,2,A,PRO,15,6.219,51.345,48.588
1abf,2,A,THR,19,11.066,47.502,46.514
1abf,2,A,VAL,234,7.893,53.65,44.51
1abf,2,A,ASP,235,6.078,55.74,47.759
1abf,2,A,LEU,298,8.993,52.722,37.135
1abf,2,A,LEU,303,10.285,48.982,39.236
1ac4,1,A,ARG,48,-1.006,55.104,114.438
1ac4,1,A,TRP,51,-0.667,60.807,110.934
1ac4,1,A,HIS,175,-8.35,55.38,108.343
1ac8,1,A,ARG,48,23.895,97.608,52.05
1ac8,1,A,TRP,51,23.374,92.964,56.791
1ac8,1,A,HIS,52,22.392,97.095,56.917
1ac8,1,A,HIS,175,30.134,90.725,50.267
1ads,1,A,TRP,20,18.604,23.912,67.526
1ads,1,A,LYS,21,19.779,21.22,69.806
1ads,1,A,TYR,209,19.833,32.874,66.573
1ads,1,A,SER,210,23.236,31.349,68.952
1ads,1,A,SER,214,25.915,26.516,68.772
1ads,2,A,SER,263,20.374,24.112,78.531
1ads,2,A,THR,265,22.34,21.056,82.038
1ads,2,A,ARG,268,25.476,24.024,81.559
1ads,3,A,ARG,3,9.347,42.457,81.816
1ads,3,A,ARG,69,0.247,31.875,80.358
1ads,3,A,GLU,70,-0.682,35.733,83.541
1ads,3,A,GLU,71,3.759,35.028,85.298
1ads,3,A,LEU,72,4.687,32.242,81.233
1ae1,1,A,MET,127,35.39,101.688,33.654
1ae1,1,A,GLY,128,35.297,98.838,37.386
1ae1,1,A,GLU,132,30.882,97.954,37.323
1ae1,1,B,TYR,123,28.262,97.391,32.463
1ae1,2,A,TYR,123,37.637,99.377,29.948
1ae1,2,A,MET,127,35.39,101.688,33.654
1ae1,2,B,TYR,123,28.262,97.391,32.463
1ae1,2,B,MET,127,29.688,100.544,28.543
1ae1,2,B,GLY,128,30.483,97.978,24.905
1ae1,2,B,GLU,132,34.979,98.769,25.102
1ae1,3,B,ASN,106,26.36,105.063,14.782
1ae1,3,B,ALA,107,26.966,102.047,16.846
1ae1,3,B,GLY,108,24.159,101.254,19.247
1ae1,3,B,VAL,109,22.517,99.69,22.179
1ae1,3,B,THR,129,28.306,98.75,22.042
1ae1,3,B,ASN,130,27.459,102.355,23.471
1ae8,1,H,HIS,57,20.974,-8.865,18.721
1ae8,1,H,SER,195,14.673,-7.427,18.197
1ae8,1,H,GLY,196,15.482,-3.513,18.523
1ae8,1,H,VAL,213,13.998,-5.45,22.329
1ae8,1,H,SER,214,17.587,-7.798,23.924
1aed,1,A,ARG,48,23.9,97.611,52.055
1aed,1,A,TRP,51,23.377,92.97,56.796
1aed,1,A,HIS,52,22.399,97.099,56.922
1aed,1,A,HIS,175,30.139,90.73,50.27
1aee,1,A,ARG,48,23.902,97.754,51.983
1aee,1,A,TRP,51,23.344,92.962,56.859
1aee,1,A,HIS,52,22.358,97.186,56.913
1aee,1,A,HIS,175,30.135,90.728,50.166
1aef,1,A,ARG,48,23.9,97.611,52.055
1aef,1,A,TRP,51,23.377,92.97,56.796
1aef,1,A,HIS,52,22.399,97.099,56.922
1aef,1,A,HIS,175,30.139,90.73,50.27
1aeg,1,A,ARG,48,23.9,97.611,52.055
1aeg,1,A,TRP,51,23.377,92.97,56.796
1aeg,1,A,HIS,52,22.399,97.099,56.922
1aeg,1,A,HIS,175,30.139,90.73,50.27
1aeh,1,A,ARG,48,23.9,97.611,52.055
1aeh,1,A,TRP,51,23.377,92.97,56.796
1aeh,1,A,HIS,52,22.399,97.099,56.922
1aeh,1,A,HIS,175,30.139,90.73,50.27
1aej,1,A,ARG,48,23.9,97.611,52.055
1aej,1,A,TRP,51,23.377,92.97,56.796
1aej,1,A,HIS,175,30.139,90.73,50.27
1aek,1,A,ARG,48,23.9,97.611,52.055
1aek,1,A,TRP,51,23.377,92.97,56.796
1aek,1,A,HIS,52,22.399,97.099,56.922
1aek,1,A,HIS,175,30.139,90.73,50.27
1aem,1,A,ARG,48,23.9,97.611,52.055
1aem,1,A,TRP,51,23.377,92.97,56.796
1aem,1,A,HIS,52,22.399,97.099,56.922
1aem,1,A,HIS,175,30.139,90.73,50.27
1aen,1,A,ARG,48,-1.006,55.104,114.438
1aen,1,A,TRP,51,-0.667,60.807,110.934
1aen,1,A,HIS,52,0.871,59.761,114.745
1aen,1,A,HIS,175,-8.35,55.38,108.343
1aeo,1,A,ARG,48,-1.006,55.104,114.438
1aeo,1,A,TRP,51,-0.667,60.807,110.934
1aeo,1,A,HIS,52,0.871,59.761,114.745
1aeo,1,A,HIS,175,-8.35,55.38,108.343
1aeq,1,A,ARG,48,23.9,97.611,52.055
1aeq,1,A,TRP,51,23.377,92.97,56.796
1aeq,1,A,HIS,52,22.399,97.099,56.922
1aeq,1,A,HIS,175,30.139,90.73,50.27
1af6,1,A,LEU,44,3.687,35.993,77.131
1af6,1,A,LEU,46,0.665,40.017,72.331
1af6,1,A,VAL,64,1.861,38.975,80.626
1af6,1,A,TYR,66,2.753,34.245,83.465
1af6,1,B,LEU,44,-5.855,40.976,76.002
1af6,1,B,TYR,66,-4.981,41.688,82.548
1af7,1,A,ALA,122,25.32,28.259,41.663
1af7,1,A,ALA,123,27.649,25.827,43.31
1af7,1,A,ASP,154,29.092,29.617,47.261
1af7,1,A,ARG,230,26.419,20.175,39.149
1af7,1,A,ASN,231,25.222,18.311,43.789
1af7,1,A,VAL,232,22.779,22.358,46.235
1afe,1,H,HIS,57,20.957,-8.841,18.602
1afe,1,H,ASP,194,9.998,-7.608,17.819
1afe,1,H,SER,195,14.819,-7.439,17.986
1afe,1,H,GLY,196,15.548,-3.43,18.368
1afe,1,H,VAL,213,14.165,-5.424,22.246
1afe,1,H,SER,214,17.751,-7.833,23.773
1afq,1,B,HIS,57,32.06,3.337,33.467
1afq,1,C,CYS,191,23.261,1.038,41.498
1afq,1,C,MET,192,25.376,-1.622,40.359
1afq,1,C,GLY,193,23.25,-0.275,35.893
1afq,1,C,ASP,194,21.886,2.926,37.082
1afq,1,C,SER,195,25.92,3.305,34.692
1afq,1,C,GLY,196,24.992,6.395,32.001
1afq,1,C,VAL,213,25.4,7.518,36.395
1afq,1,C,SER,214,29.749,7.428,37.49
1afs,1,A,ARG,7,-20.294,34.721,-12.45
1afs,1,A,PHE,15,-16.23,36.283,-10.052
1afs,1,A,GLU,77,-14.861,30.5,-21.255
1afs,1,B,PHE,15,-16.681,39.048,-13.83
1afs,2,A,PHE,15,-16.23,36.283,-10.052
1afs,2,B,ARG,7,-19.746,41.222,-10.596
1afs,2,B,PHE,15,-16.681,39.048,-13.83
1afs,2,B,PRO,17,-21.152,45.264,-11.46
1afs,2,B,GLU,77,-11.938,43.52,-2.95
1afs,2,B,ASP,78,-16.849,44.157,-2.552
1ah0,1,A,TRP,20,61.503,32.465,88.127
1ah0,1,A,TRP,219,70.763,30.568,90.385
1ah3,1,A,TRP,20,61.839,32.905,88.73
1ah3,1,A,TRP,219,71.146,31.264,91.201
1ah4,1,A,TRP,20,61.574,32.546,88.633
1ah4,1,A,TRP,219,70.894,30.459,90.882
1ah5,1,A,SER,81,17.039,3.918,19.534
1ah5,1,A,LYS,83,16.824,-0.128,23.262
1ah5,1,A,ASP,84,13.866,3.231,22.985
1ah5,1,A,VAL,85,10.739,1.481,19.503
1ah5,1,A,VAL,196,15.451,-5.407,21.086
1ahb,1,A,TYR,111,62.389,95.105,1.378
1ahb,1,A,ILE,155,64.231,94.1,8.139
1ahb,1,A,GLU,160,67.276,89.17,5.859
1ahb,1,A,ARG,163,65.753,85.198,6.465
1ahb,1,A,GLU,189,67.544,90.386,0.862
1ahe,1,A,LEU,18,-15.248,48.576,25.175
1ahe,1,A,SER,109,-2.69,49.701,26.965
1ahe,1,A,ARG,266,-2.831,46.639,20.072
1ahe,1,B,TYR,70,-9.714,49.153,18.755
1ahe,1,B,ARG,292,-9.705,47.236,29.025
1ahe,1,B,TYR,295,-3.836,42.758,26.104
1ahe,1,B,SER,296,-7.313,45.811,25.96
1ahe,1,B,SER,297,-7.111,44.268,22.564
1ahe,2,A,TYR,70,9.637,34.131,18.793
1ahe,2,A,ARG,292,9.711,36.233,29.038
1ahe,2,A,TYR,295,3.805,40.6,26.174
1ahe,2,A,SER,296,7.278,37.451,25.93
1ahe,2,A,SER,297,7.129,39.035,22.546
1ahe,2,B,SER,109,2.609,33.545,26.996
1ahe,2,B,ARG,266,2.843,36.665,20.097
1ahf,1,A,SER,109,-2.731,49.898,26.844
1ahf,1,A,ARG,266,-2.849,46.693,20.055
1ahf,1,B,TYR,70,-9.793,49.079,18.899
1ahf,1,B,TYR,295,-3.81,42.686,26.1
1ahf,1,B,SER,296,-7.438,45.553,25.902
1ahf,1,B,SER,297,-7.202,44.188,22.512
1ahf,2,A,TYR,70,9.734,34.188,18.774
1ahf,2,A,ARG,292,9.762,36.245,29.132
1ahf,2,A,TYR,295,3.776,40.653,26.137
1ahf,2,A,SER,296,7.382,37.678,25.82
1ahf,2,A,SER,297,7.118,39.21,22.632
1ahf,2,B,SER,109,2.674,33.456,26.954
1ahf,2,B,ARG,266,2.882,36.61,20.064
1aht,1,H,CYS,42,14.686,-5.932,13.235
1aht,1,H,HIS,57,20.478,-8.921,18.512
1aht,1,H,CYS,58,20.039,-7.199,14.889
1aht,1,H,SER,195,14.23,-7.359,18.156
1aht,1,H,GLY,196,15.109,-3.217,18.354
1aht,1,H,VAL,213,13.511,-5.316,22.134
1aht,1,H,SER,214,16.995,-7.75,23.726
1ahx,1,A,TYR,295,3.874,40.604,26.453
1ahx,1,A,SER,296,7.206,37.156,26.177
1ahx,1,A,SER,297,7.144,38.804,22.861
1ahx,1,B,SER,109,2.308,33.516,27.113
1ahx,1,B,ARG,266,2.522,36.532,20.221
1ahx,2,A,SER,109,-2.174,50.036,27.124
1ahx,2,A,ARG,266,-2.489,47.055,20.204
1ahx,2,B,TYR,295,-3.841,43.056,26.423
1ahx,2,B,SER,296,-7.093,46.519,26.135
1ahx,2,B,SER,297,-7.029,44.845,22.877
1ahy,1,A,ARG,292,9.26,35.58,29.089
1ahy,1,A,TYR,295,3.841,40.61,26.25
1ahy,1,A,SER,296,7.115,37.143,26.015
1ahy,1,A,SER,297,6.967,38.819,22.647
1ahy,1,B,SER,109,2.179,33.698,27.138
1ahy,1,B,ARG,266,2.455,36.488,20.187
1ahy,2,A,SER,109,-2.238,49.965,27.146
1ahy,2,A,TRP,140,-7.651,56.451,29.526
1ahy,2,A,ARG,266,-2.513,47.057,20.187
1ahy,2,B,ARG,292,-9.335,47.978,29.073
1ahy,2,B,TYR,295,-3.898,43.048,26.241
1ahy,2,B,SER,296,-7.17,46.522,26.007
1ahy,2,B,SER,297,-7.061,44.912,22.593
1ai8,1,H,CYS,42,13.83,-5.514,22.461
1ai8,1,H,HIS,57,7.957,-8.389,17.371
1ai8,1,H,CYS,58,8.522,-6.485,20.995
1ai8,1,H,GLY,193,17.218,-8.94,20.306
1ai8,1,H,ASP,194,18.758,-7.0,17.661
1ai8,1,H,SER,195,14.127,-6.741,17.523
1ai8,1,H,GLY,196,13.379,-2.587,17.416
1ai8,1,H,SER,214,11.489,-7.306,12.071
1aia,1,A,THR,109,3.296,33.953,27.287
1aia,1,A,TRP,140,8.999,28.33,29.214
1aia,1,A,ASN,142,8.769,32.377,31.467
1aia,1,B,ARG,292,10.128,36.705,28.732
1aia,1,B,SER,296,7.527,37.663,25.721
1aia,2,A,TYR,70,-10.031,48.846,18.64
1aia,2,A,ARG,292,-10.085,46.977,28.71
1aia,2,A,SER,296,-7.538,45.988,25.758
1aia,2,A,ASN,297,-7.721,44.788,22.356
1aia,2,B,THR,109,-3.279,49.724,27.251
1aia,2,B,TRP,140,-8.944,55.312,29.187
1aic,1,A,THR,109,3.208,34.015,27.186
1aic,1,A,TRP,140,8.959,28.508,29.24
1aic,1,A,ASN,142,8.81,32.496,31.589
1aic,1,B,ARG,292,10.135,36.809,28.533
1aic,1,B,SER,296,7.536,37.727,25.667
1aic,2,A,ARG,292,-10.207,46.861,28.815
1aic,2,A,SER,296,-7.691,45.991,25.707
1aic,2,B,THR,109,-3.172,49.905,27.291
1aic,2,B,TRP,140,-8.981,55.335,29.254
1aic,2,B,ASN,142,-8.937,51.455,31.596
1aid,1,B,ASP,30,63.44,47.642,8.008
1aid,1,B,THR,31,66.732,46.178,11.133
1aid,1,B,VAL,32,65.539,41.871,10.553
1aid,1,B,ILE,47,58.086,40.35,7.237
1aid,1,B,LEU,76,61.979,43.709,13.091
1aid,1,B,ILE,84,68.994,42.342,7.667
1aid,2,A,ASP,30,72.189,37.699,-7.575
1aid,2,A,THR,31,71.103,41.197,-10.87
1aid,2,A,VAL,32,66.842,40.612,-10.252
1aid,2,A,ILE,47,65.403,32.364,-7.275
1aid,2,A,ILE,84,67.42,44.075,-7.741
1aix,1,H,HIS,57,20.7,-8.234,18.136
1aix,1,H,SER,195,14.568,-6.869,17.544
1aix,1,H,GLY,196,15.355,-2.824,17.937
1aix,1,H,VAL,213,13.849,-4.863,21.653
1aix,1,H,SER,214,17.316,-7.242,23.324
1aix,1,H,TRP,215,17.392,-10.777,26.846
1aj0,1,A,THR,62,47.399,6.759,6.515
1aj0,1,A,ASP,96,44.569,5.235,14.399
1aj0,1,A,ILE,117,47.157,0.552,10.066
1aj0,1,A,PHE,190,45.591,0.305,2.794
1aj0,1,A,LYS,221,38.88,4.874,0.452
1aj0,1,A,ARG,255,37.045,4.477,9.422
1aj2,1,A,THR,62,47.433,6.851,5.857
1aj2,1,A,ASP,96,44.448,5.136,14.41
1aj2,1,A,ILE,117,46.688,0.692,10.075
1aj2,1,A,PHE,190,45.197,0.168,2.993
1aj2,1,A,LYS,221,38.528,4.924,0.257
1aj2,1,A,ARG,255,36.717,4.396,9.524
1aj8,1,A,MET,95,18.201,34.032,67.223
1aj8,1,A,GLY,96,14.105,34.655,69.393
1aj8,1,A,LYS,219,20.952,37.726,69.414
1aj8,1,B,ASP,113,15.669,42.19,69.317
1aj8,1,B,ASP,206,18.478,40.884,74.232
1aj8,2,A,ASP,113,14.437,19.99,84.582
1aj8,2,A,SER,205,21.59,23.161,84.752
1aj8,2,A,ASP,206,18.986,22.356,81.931
1aj8,2,B,MET,95,13.033,28.277,87.004
1aj8,2,B,LYS,219,17.488,25.792,87.03
1ajk,1,A,TRP,20,-4.484,-3.061,18.664
1ajk,1,A,GLU,22,-4.697,-0.781,23.877
1ajk,1,A,PHE,161,8.739,-2.853,21.896
1ajk,2,B,PRO,140,5.606,3.946,12.567
1ajk,2,B,PHE,141,5.071,3.719,8.126
1ajk,2,B,ASN,142,1.34,6.603,12.081
1ajk,2,B,GLY,176,-0.641,2.393,10.355
1ajk,3,A,GLY,158,9.44,-5.62,18.438
1ajk,3,A,GLY,159,9.665,-2.997,16.67
1ajk,3,A,VAL,160,8.908,0.1,19.042
1ajk,3,A,PHE,161,8.739,-2.853,21.896
1ajk,3,B,TRP,125,7.94,-2.737,11.691
1ajk,3,B,LYS,127,13.883,-1.397,13.394
1ajk,3,B,PHE,138,10.49,2.687,14.533
1ajn,1,B,SER,1,12.798,41.818,33.395
1ajn,1,B,ALA,69,9.041,38.543,36.983
1ajn,1,B,PHE,71,9.502,38.817,42.23
1ajn,1,B,ASN,241,10.491,43.283,37.94
1ajp,1,A,PHE,146,13.561,31.769,37.936
1ajp,1,B,SER,1,12.805,41.825,33.296
1ajp,1,B,THR,68,8.046,40.014,33.464
1ajp,1,B,ALA,69,9.047,38.502,36.862
1ajp,1,B,PHE,71,9.484,38.784,42.169
